SEP,N,M,DIM,K,D_MAX,SKIPPED_CHUNK,REAL_KMLIO_DELAY,T_1_read,getmat_time,init_time,km_1_iteration_time,var_copy_time ,ITERATION/FREQ/KM_IT_SUM/CHUNK_ESTIMATED_TIME/REAL_CHUNK_DELAY/ERROR,SEE_ERROR,CENTERS_DIST_ERROR,ARI

##### beta impact

-0.2,-0.2,-0.2,-0.2,-0.2,-0.2,3355450,335545,10,10,300.000,0.000,9,195.750128,0.000009,5.395245,2.154433,0.566354,0.000000,{"chunk_0":(101;700;9;156.575670;259.666653;243.140777;166.312704;0.3160),"chunk_1":(0;0;0;0.000000;104.261941;92.131641;0.000000;1.0000),"chunk_2":(0;0;0;0.000000;0.000000;0.000000;0.000000;nan),"chunk_3":(0;0;0;0.000000;0.000000;0.000000;0.000000;nan),"chunk_4":(0;0;0;0.000000;0.000000;0.000000;0.000000;nan),"chunk_5":(0;0;0;0.000000;0.000000;0.000000;0.000000;nan),"chunk_6":(0;0;0;0.000000;0.000000;0.000000;0.000000;nan),"chunk_7":(0;0;0;0.000000;0.000000;0.000000;0.000000;nan),"chunk_8":(0;0;0;0.000000;0.000000;0.000000;0.000000;nan),"chunk_9":(0;0;0;0.000000;0.000000;0.000000;0.000000;nan),"chunk_10":(0;0;0;0.000000;0.000000;0.000000;0.000000;nan)}-0.2,-0.2,3355450,335545,10,10,300.000,0.000,9,116.545416,0.000009,5.393171,2.134680,0.571998,0.000000,{"chunk_0":(52;700;9;78.133567;260.444059;242.658383;87.859255;0.6379),"chunk_1":(0;0;0;0.000000;183.468008;93.037599;0.000000;1.0000),"chunk_2":(0;0;0;0.000000;0.000000;0.000000;0.000000;nan),"chunk_3":(0;0;0;0.000000;0.000000;0.000000;0.000000;nan),"chunk_4":(0;0;0;0.000000;0.000000;0.000000;0.000000;nan),"chunk_5":(0;0;0;0.000000;0.000000;0.000000;0.000000;nan),"chunk_6":(0;0;0;0.000000;0.000000;0.000000;0.000000;nan),"chunk_7":(0;0;0;0.000000;0.000000;0.000000;0.000000;nan),"chunk_8":(0;0;0;0.000000;0.000000;0.000000;0.000000;nan),"chunk_9":(0;0;0;0.000000;0.000000;0.000000;0.000000;nan),"chunk_10":(0;0;0;0.000000;0.000000;0.000000;0.000000;nan)}